Workbook

Sheet 전체신청내역
A1: 순번 | B1: 시간 | C1: 아이디 | D1: 학번 | E1: 이름 | F1: 수납액 | G1: 합계 | H1: 면제 | K1: 단가 | N1: 식수 | Q1: 06/01 | T1: 06/02 | W1: 06/03 | Z1: 06/04 | AC1: 06/05 | AF1: 06/06 | AI1: 06/07 | AL1: 06/08 | AO1: 06/09 | AR1: 06/10 | AU1: 06/11 | AX1: 06/12 | BA1: 06/13 | BD1: 06/14 | BG1: 06/15 | BJ1: 06/16 | BM1: 06/17 | BP1: 06/18 | BS1: 06/19 | BV1: 06/20 | BY1: 06/21 | CB1: 06/22 | CE1: 06/23 | CH1: 06/24 | CK1: 06/25 | CN1: 06/26 | CQ1: 06/27 | CT1: 06/28 | CW1: 06/29 | CZ1: 06/30
K2: 0 | L2: 5000 | M2: 5680 | Q2: 월 | T2: 화 | W2: 수 | Z2: 목 | AC2: 금 | AF2: 토 | AI2: 일 | AL2: 월 | AO2: 화 | AR2: 수 | AU2: 목 | AX2: 금 | BA2: 토 | BD2: 일 | BG2: 월 | BJ2: 화 | BM2: 수 | BP2: 목 | BS2: 금 | BV2: 토 | BY2: 일 | CB2: 월 | CE2: 화 | CH2: 수 | CK2: 목 | CN2: 금 | CQ2: 토 | CT2: 일 | CW2: 월 | CZ2: 화
H3: 조 | I3: 중 | J3: 석 | K3: 조 | L3: 중 | M3: 석 | N3: 조 | O3: 중 | P3: 석 | Q3: 조 | R3: 중 | S3: 석 | T3: 조 | U3: 중 | V3: 석 | W3: 조 | X3: 중 | Y3: 석 | Z3: 조 | AA3: 중 | AB3: 석 | AC3: 조 | AD3: 중 | AE3: 석 | AF3: 조 | AG3: 중 | AH3: 석 | AI3: 조 | AJ3: 중 | AK3: 석 | AL3: 조 | AM3: 중 | AN3: 석 | AO3: 조 | AP3: 중 | AQ3: 석 | AR3: 조 | AS3: 중 | AT3: 석 | AU3: 조 | AV3: 중 | AW3: 석 | AX3: 조 | AY3: 중 | AZ3: 석 | BA3: 조 | BB3: 중 | BC3: 석 | BD3: 조 | BE3: 중 | BF3: 석 | BG3: 조 | BH3: 중 | BI3: 석 | BJ3: 조 | BK3: 중 | BL3: 석 | BM3: 조 | BN3: 중 | BO3: 석 | BP3: 조 | BQ3: 중 | BR3: 석 | BS3: 조 | BT3: 중 | BU3: 석 | BV3: 조 | BW3: 중 | BX3: 석 | BY3: 조 | BZ3: 중 | CA3: 석 | CB3: 조 | CC3: 중 | CD3: 석 | CE3: 조 | CF3: 중 | CG3: 석 | CH3: 조 | CI3: 중 | CJ3: 석 | CK3: 조 | CL3: 중 | CM3: 석 | CN3: 조 | CO3: 중 | CP3: 석 | CQ3: 조 | CR3: 중 | CS3: 석 | CT3: 조 | CU3: 중 | CV3: 석 | CW3: 조 | CX3: 중 | CY3: 석 | CZ3: 조 | DA3: 중 | DB3: 석
A4: 1 | B4: 2026-06-11 03:48:50 | C4: h_s_posan26_1101 | D4: 10101 | E4: 김규은 | F4: =(1-H4)*K4+(1-I4)*L4+(1-J4)*M4 | G4: =SUM(K4:M4) | K4: =K$2*N4 | L4: =L$2*O4 | M4: =M$2*P4 | O4: 30 | P4: 30 | R4: 1 | S4: 1 | U4: 1 | V4: 1 | X4: 1 | Y4: 1 | AA4: 1 | AB4: 1 | AD4: 1 | AE4: 1 | AG4: 1 | AH4: 1 | AJ4: 1 | AK4: 1 | AM4: 1 | AN4: 1 | AP4: 1 | AQ4: 1 | AS4: 1 | AT4: 1 | AV4: 1 | AW4: 1 | AY4: 1 | AZ4: 1 | BB4: 1 | BC4: 1 | BE4: 1 | BF4: 1 | BH4: 1 | BI4: 1 | BK4: 1 | BL4: 1 | BN4: 1 | BO4: 1 | BQ4: 1 | BR4: 1 | BT4: 1 | BU4: 1 | BW4: 1 | BX4: 1 | BZ4: 1 | CA4: 1 | CC4: 1 | CD4: 1 | CF4: 1 | CG4: 1 | CI4: 1 | CJ4: 1 | CL4: 1 | CM4: 1 | CO4: 1 | CP4: 1 | CR4: 1 | CS4: 1 | CU4: 1 | CV4: 1 | CX4: 1 | CY4: 1 | DA4: 1 | DB4: 1
D5: 합계 | E5: =COUNTA(E4:E4) | F5: =SUM(F4:F4) | G5: =SUM(G4:G4) | H5: =SUM(H4:H4) | I5: =SUM(I4:I4) | J5: =SUM(J4:J4) | K5: =SUM(K4:K4) | L5: =SUM(L4:L4) | M5: =SUM(M4:M4) | ... P5: =SUM(P4:P4) | Q5: =COUNTA(Q4:Q4) | R5: =COUNTA(R4:R4) | S5: =COUNTA(S4:S4) | T5: =COUNTA(T4:T4) | U5: =COUNTA(U4:U4) | V5: =COUNTA(V4:V4) | W5: =COUNTA(W4:W4) | X5: =COUNTA(X4:X4) | ... DB5: =COUNTA(DB4:DB4)

Sheet 요일별
A1: 요일별 식수(첫주 기준)
A2: 구분 | B2: 일 | C2: 월 | D2: 화 | E2: 수 | F2: 목 | G2: 금 | H2: 토
A3: 조식
A4: 중식 | B4: 1 | C4: 1 | D4: 1 | E4: 1 | F4: 1 | G4: 1 | H4: 1
A5: 석식 | B5: 1 | C5: 1 | D5: 1 | E5: 1 | F5: 1 | G5: 1 | H5: 1

Sheet 에듀파인
A1: *주야 | B1: *계열 | C1: *학과 | D1: *학년 | E1: *반 | F1: *번호 | G1: *성명 | H1: *대상금액 | I1: 조식면제 | J1: 중식면제 | K1: 석식면제 | L1: 조식수 | M1: 중식수 | N1: 석식수 | O1: 조식금액 | P1: 중식금액 | Q1: 석식금액 | R1: 금액합계 | S1: 신청시간
A2: 주간 | B2: 일반계 | C2: 일반학과 | D2: 1 | E2: 1 | F2: 1 | G2: 김규은 | H2: =전체신청내역!F4 | I2: =전체신청내역!H4 | J2: =전체신청내역!I4 | K2: =전체신청내역!J4 | L2: =전체신청내역!N4 | M2: =전체신청내역!O4 | N2: =전체신청내역!P4 | O2: =전체신청내역!K4 | P2: =전체신청내역!L4 | Q2: =전체신청내역!M4 | R2: =전체신청내역!G4 | S2: 2026-06-11 03:48:50
